"","bag.size","oob.accuracy","cv.accuracy"
"1",25,0.80875,0.82275
"2",50,0.81625,0.827
"3",200,0.81875,0.8225
"4",400,0.8225,0.826
"5",800,0.82125,0.827
